{
    "rmse": 13.883824145589859,
    "mae": 10.286266121424728,
    "r2": 0.7414721388646297
}